record_type,unique_system_identifier,uls_file_number,ebf_number,call_sign,frequency_action_performed,location_number,antenna_number,class_station_code,op_altitude_code,frequency_assigned,frequency_upper_band,frequency_carrier,time_begin_operations,time_end_operations,power_output,power_erp,tolerance,frequency_ind,status,eirp,transmitter_make,transmitter_model,auto_transmitter_power_control,cnt_mobile_units,cnt_mob_pagers,freq_seq_id,status_code,status_date,date_first_used
FR,532,,,KGC602,,2,1,FBBS,,152.63000000,,,,,,76.000,,,,,,,,,,1,,,
FR,532,,,KGC602,,4,1,FBBS,,152.63000000,,,,,,137.000,,,,,,,,,,1,,,01/24/1994
FR,532,,,KGC602,,4,2,FBBS,,152.63000000,,,,,,201.400,,,,,,,,,,1,,,
FR,532,,,KGC602,,5,1,FBBS,,152.63000000,,,,,,500.000,,,,,,,,,,1,,,
FR,532,,,KGC602,,6,1,FBBS,,152.63000000,,,,,,103.000,,,,,,,,,,1,,,
FR,532,,,KGC602,,7,1,FBBS,,152.63000000,,,,,,500.000,,,,,,,,,,1,,,
FR,532,,,KGC602,,9,1,FBBS,,152.63000000,,,,,,500.000,,,,,,,,,,1,,,
FR,532,,,KGC602,,10,1,FBBS,,152.63000000,,,,,,443.000,,,,,,,,,,1,,,
FR,532,,,KGC602,,11,1,FBBS,,152.63000000,,,,,,500.000,,,,,,,,,,1,,,
FR,532,,,KGC602,,12,1,FBBS,,152.63000000,,,,,,500.000,,,,,,,,,,1,,,01/24/1994
FR,532,,,KGC602,,13,1,FBBS,,152.63000000,,,,,,109.010,,,,,,,,,,1,,,
FR,532,,,KGC602,,15,1,FBBS,,152.63000000,,,,,,201.300,,,,,,,,,,1,,,
FR,532,,,KGC602,,16,1,FBBS,,152.63000000,,,,,,500.000,,,,,,,,,,1,,,
FR,532,,,KGC602,,18,1,FBBS,,152.63000000,,,,,,583.400,,,,,,,,,,1,,,
FR,532,,,KGC602,,20,1,FBBS,,152.63000000,,,,,,283.800,,,,,,,,,,1,,,
FR,532,,,KGC602,,21,1,FBBS,,152.63000000,,,,,,246.600,,,,,,,,,,1,,,
FR,532,,,KGC602,,23,1,FBBS,,152.63000000,,,,,,555.900,,,,,,,,,,1,,,
FR,532,,,KGC602,,24,1,FBBS,,152.63000000,,,,,,151.000,,,,,,,,,,1,,,
FR,532,,,KGC602,,25,1,FBBS,,152.63000000,,,,,,579.300,,,,,,,,,,1,,,
FR,532,,,KGC602,,27,1,FBBS,,152.63000000,,,,,,260.000,,,,,,,,,,1,,,
FR,532,,,KGC602,,28,1,FBBS,,152.63000000,,,,,,252.300,,,,,,,,,,1,,,
FR,532,,,KGC602,,29,1,FBBS,,152.63000000,,,,,,542.000,,,,,,,,,,1,,,
FR,532,,,KGC602,,30,1,FBBS,,152.63000000,,,,,,223.500,,,,,,,,,,1,,,
FR,532,,,KGC602,,32,1,FBBS,,152.63000000,,,,,,248.300,,,,,,,,,,1,,,
FR,532,,,KGC602,,34,1,FBBS,,152.63000000,,,,,,718.100,,,,,,,,,,1,,,03/26/1997
FR,532,,,KGC602,,35,1,FBBS,,152.63000000,,,,,,490.000,,,,,,,,,,1,,,
FR,532,,,KGC602,,35,2,FBBS,,152.63000000,,,,,,174.000,,,,,,,,,,1,,,
FR,532,,,KGC602,,37,1,FBBS,,152.63000000,,,,,,500.000,,,,,,,,,,1,,,
FR,532,,,KGC602,,39,1,FBBS,,152.63000000,,,,,,500.000,,,,,,,,,,1,,,
FR,532,,,KGC602,,40,1,FBBS,,152.63000000,,,,,,500.000,,,,,,,,,,1,,,
FR,532,,,KGC602,,41,1,FBBS,,152.63000000,,,,,,500.000,,,,,,,,,,1,,,
FR,532,,,KGC602,,42,1,FBBS,,152.63000000,,,,,,500.000,,,,,,,,,,1,,,
FR,532,,,KGC602,,43,1,FBBS,,152.63000000,,,,,,46.000,,,,,,,,,,1,,,
FR,532,,,KGC602,,44,1,FBBS,,152.63000000,,,,,,479.000,,,,,,,,,,1,,,
FR,532,,,KGC602,,45,1,FBBS,,152.63000000,,,,,,213.000,,,,,,,,,,1,,,08/21/1989
FR,6676,,,KWH310,,1,1,FBBS,,152.84000000,,,,,,306.200,,,,,,,,,,1,,,
FR,6676,,,KWH310,,2,1,FBBS,,152.84000000,,,,,,76.000,,,,,,,,,,1,,,
FR,6676,,,KWH310,,2,2,FBBS,,152.84000000,,,,,,74.000,,,,,,,,,,1,,,
FR,6676,,,KWH310,,4,1,FBBS,,152.84000000,,,,,,200.400,,,,,,,,,,1,,,
FR,6676,,,KWH310,,5,1,FBBS,,152.84000000,,,,,,426.000,,,,,,,,,,1,,,10/29/1987
FR,6676,,,KWH310,,6,1,FBBS,,152.84000000,,,,,,107.000,,,,,,,,,,1,,,
FR,6676,,,KWH310,,7,1,FBBS,,152.84000000,,,,,,406.000,,,,,,,,,,1,,,
FR,6676,,,KWH310,,8,1,FBBS,,152.84000000,,,,,,1.000,,,,,,,,,,1,,,12/05/1991
FR,6676,,,KWH310,,9,1,FBBS,,152.84000000,,,,,,254.000,,,,,,,,,,1,,,
FR,6676,,,KWH310,,10,1,FBBS,,152.84000000,,,,,,500.000,,,,,,,,,,1,,,
FR,6676,,,KWH310,,11,1,FBBS,,152.84000000,,,,,,500.000,,,,,,,,,,1,,,
FR,6676,,,KWH310,,12,1,FBBS,,152.84000000,,,,,,400.000,,,,,,,,,,1,,,08/16/1989
FR,6676,,,KWH310,,13,1,FBBS,,152.84000000,,,,,,308.300,,,,,,,,,,1,,,08/16/1989
FR,6676,,,KWH310,,14,1,FBBS,,152.84000000,,,,,,470.000,,,,,,,,,,1,,,08/16/1989
FR,6676,,,KWH310,,15,1,FBBS,,152.84000000,,,,,,450.000,,,,,,,,,,1,,,08/16/1989
FR,6676,,,KWH310,,16,1,FBBS,,152.84000000,,,,,,450.000,,,,,,,,,,1,,,08/16/1989
FR,6676,,,KWH310,,16,2,FBBS,,152.84000000,,,,,,500.000,,,,,,,,,,1,,,08/16/1989
FR,6676,,,KWH310,,17,1,FBBS,,152.84000000,,,,,,608.100,,,,,,,,,,1,,,
FR,6676,,,KWH310,,18,1,FBBS,,152.84000000,,,,,,281.200,,,,,,,,,,1,,,
FR,6676,,,KWH310,,19,1,FBBS,,152.84000000,,,,,,559.800,,,,,,,,,,1,,,
FR,6676,,,KWH310,,20,1,FBBS,,152.84000000,,,,,,151.000,,,,,,,,,,1,,,
FR,6676,,,KWH310,,21,1,FBBS,,152.84000000,,,,,,824.500,,,,,,,,,,1,,,
FR,1108625,,,KGI346,,1,1,FB,,153.29000000,,,,,30.000,,,,,,,,,1,,1,,,03/19/1964
FR,1110575,,,KJT984,,1,1,FB,,153.29000000,,,,,36.000,,,,,,,,,2,,1,,,10/01/1978
FR,1110575,,,KJT984,,2,1,MO,,153.29000000,,,,,36.000,,,,,,,,,1,,1,,,10/01/1978
FR,1179406,,,KGC676,,1,1,FB,,33.80000000,,,,,300.000,280.000,,,,,,,,1,300,1,,,04/11/1990
FR,1179406,,,KGC676,,1,1,FB,,33.84000000,,,,,300.000,280.000,,,,,,,,1,300,2,,,04/11/1990
FR,1179406,,,KGC676,,1,1,FB,,33.86000000,,,,,300.000,280.000,,,,,,,,1,300,3,,,04/11/1990
FR,1179406,,,KGC676,,1,1,FB,,154.28000000,,,,,300.000,280.000,,,,,,,,1,300,4,,,04/11/1990
FR,1179406,,,KGC676,,2,1,FB,,33.80000000,,,,,300.000,250.000,,,,,,,,1,300,1,,,04/11/1990
FR,1179406,,,KGC676,,2,1,FB,,33.84000000,,,,,300.000,250.000,,,,,,,,1,300,2,,,04/11/1990
FR,1179406,,,KGC676,,2,1,FB,,33.86000000,,,,,300.000,250.000,,,,,,,,1,300,3,,,04/11/1990
FR,1179406,,,KGC676,,2,1,FB,,154.28000000,,,,,300.000,250.000,,,,,,,,1,300,4,,,04/11/1990
FR,1179406,,,KGC676,,3,1,FB,,33.86000000,,,,,100.000,100.000,,,,,,,,1,300,1,,,04/11/1990
FR,1179406,,,KGC676,,4,1,FB,,33.86000000,,,,,100.000,100.000,,,,,,,,1,300,1,,,04/11/1990
FR,1179406,,,KGC676,,5,1,FB,,33.86000000,,,,,100.000,100.000,,,,,,,,1,300,1,,,04/11/1990
FR,1179406,,,KGC676,,6,1,MO,,33.80000000,,,,,300.000,,,,,,,,,600,,1,,,04/11/1990
FR,1179406,,,KGC676,,6,1,MO,,33.84000000,,,,,300.000,,,,,,,,,600,,2,,,04/11/1990
FR,1179406,,,KGC676,,6,1,MO,,33.86000000,,,,,300.000,,,,,,,,,600,,3,,,04/11/1990
FR,1207730,,,KFZ738,,1,1,MO,,158.82000000,,,,,80.000,100.000,,,,,,,,80,,1,,,10/29/1980
FR,1207730,,,KFZ738,,1,1,MO,,154.40750000,,,,,80.000,100.000,,,,,,,,80,,2,,,10/31/2012
FR,1207730,,,KFZ738,,2,1,FB,,158.82000000,,,,,80.000,100.000,,,,,,,,1,,1,,,10/29/1980
FR,1207730,,,KFZ738,,2,1,FB,,154.40750000,,,,,80.000,100.000,,,,,,,,1,,2,,,10/31/2012
FR,1209077,,,KKC633,,1,1,FB,,153.86000000,,,,,100.000,100.000,,,,,,,,1,,1,,,05/08/1989
FR,1209077,,,KKC633,,1,1,FB,,153.96500000,,,,,100.000,100.000,,,,,,,,1,,2,,,05/08/1989
FR,1209077,,,KKC633,,2,1,MO,,153.86000000,,,,,5.000,5.000,,,,,,,,100,,1,,,05/08/1989
FR,1209077,,,KKC633,,2,1,MO,,153.96500000,,,,,5.000,5.000,,,,,,,,100,,2,,,05/08/1989
FR,1220721,,,KZO480,,1,1,MO,,155.74500000,,,,,80.000,,,,,,,,,70,,1,,,09/12/1980
FR,1220721,,,KZO480,,2,1,FB,,155.74500000,,,,,80.000,,,,,,,,,1,,1,,,09/12/1980
FR,1220721,,,KZO480,,3,1,FB,,155.74500000,,,,,80.000,,,,,,,,,1,,1,,,09/12/1980
FR,1233665,,,WPGF956,,1,1,FXO,,173.20375000,,,,,10.000,40.000,,,,,,,,1,,1,,,01/05/1995
FR,1233665,,,WPGF956,,2,1,FXO,,173.20375000,,,,,10.000,40.000,,,,,,,,1,,1,,,01/05/1995
FR,1233665,,,WPGF956,,3,1,FXO,,173.20375000,,,,,10.000,40.000,,,,,,,,1,,1,,,01/05/1995
FR,1233665,,,WPGF956,,4,1,FXO,,173.20375000,,,,,10.000,40.000,,,,,,,,1,,1,,,01/05/1995
FR,1233889,,,WPGR478,,1,1,FB2,,155.95500000,,,,,50.000,50.000,,,,,,,,1,,1,,,03/04/1995
FR,1233889,,,WPGR478,,2,1,MO,,154.10000000,,,,,5.000,5.000,,,,,,,,70,,1,,,03/04/1995
FR,1235360,,,WPJQ685,,1,1,FB2,,155.08500000,,,,,25.000,25.000,,,,,,,,1,,1,,,09/09/1996
FR,1235360,,,WPJQ685,,2,1,MO,,158.89500000,,,,,5.000,5.000,,,,,,,,50,,1,,,09/09/1996
FR,1238872,,,WZX569,,1,1,MO,,153.98000000,,,,,60.000,60.000,,,,,,,,100,,1,,,12/11/1987
FR,1238872,,,WZX569,,1,1,MO,,159.31500000,,,,,60.000,60.000,,,,,,,,100,,2,,,
FR,1238872,,,WZX569,,2,1,FB,,153.98000000,,,,,60.000,100.000,,,,,,,,1,5,1,,,09/06/1979
FR,1238872,,,WZX569,,2,1,FB2,,153.98000000,,,,,60.000,100.000,,,,,,,,1,,2,,,
FR,1238872,,,WZX569,,2,1,FB2,,155.07000000,,,,,30.000,30.000,,,,,,,,1,,3,,,09/23/2021
FR,1243582,,,KQP649,,1,1,FB,,151.32500000,,,,,110.000,,,,,,,,,1,,1,,,09/07/1979
FR,1243583,,,KQP650,,1,1,FB,,151.32500000,,,,,110.000,,,,,,,,,1,,1,,,12/24/1980
FR,1243689,,,KRU980,,1,1,FB,,151.32500000,,,,,110.000,,,,,,,,,1,,1,,,11/13/1984
FR,1244730,,,WBU31,,1,1,FX1,,151.14500000,,,,,110.000,,,,,,,,,1,,1,,,11/13/1984
FR,1245702,,,WNPK394,,1,1,FX1,,151.14500000,,,,,50.000,125.000,,,,,,,,1,,1,,,05/18/1989
FR,1245702,,,WNPK394,,1,1,FB,,151.25000000,,,,,50.000,125.000,,,,,,,,1,,2,,,05/18/1989
FR,1245702,,,WNPK394,,1,1,FB,,151.31000000,,,,,50.000,125.000,,,,,,,,1,,3,,,05/18/1989
FR,1245702,,,WNPK394,,1,1,FB,,151.32500000,,,,,50.000,125.000,,,,,,,,1,,4,,,05/18/1989
FR,1245702,,,WNPK394,,1,1,FB,,151.35500000,,,,,50.000,125.000,,,,,,,,1,,5,,,05/18/1989
FR,1245702,,,WNPK394,,1,1,FB,,151.41500000,,,,,50.000,125.000,,,,,,,,1,,6,,,05/18/1989
FR,1245702,,,WNPK394,,1,1,FB,,151.46000000,,,,,50.000,125.000,,,,,,,,1,,7,,,05/18/1989
FR,1245702,,,WNPK394,,1,1,FB,,159.24000000,,,,,50.000,125.000,,,,,,,,1,,8,,,05/18/1989
FR,1246974,,,WRE95,,1,1,FX1,,151.14500000,,,,,110.000,,,,,,,,,1,,1,,,10/05/1978
FR,1250430,,,KGA870,,1,1,MO,,155.79000000,,,,,80.000,,,,,,,,,70,,1,,,08/22/1980
FR,1250430,,,KGA870,,2,1,FB,,155.79000000,,,,,80.000,,,,,,,,,1,,1,,,08/22/1980
FR,1250430,,,KGA870,,3,1,FB,,155.79000000,,,,,80.000,,,,,,,,,1,,1,,,08/22/1980
FR,1250436,,,KGA914,,1,1,FB,,39.10000000,,,,,300.000,88.000,,,,,,,,3,,3,,,10/17/1990
FR,1250436,,,KGA914,,1,1,FB,,39.52000000,,,,,300.000,88.000,,,,,,,,3,,12,,,10/17/1990
FR,1250436,,,KGA914,,1,1,FB,,39.04000000,,,,,300.000,88.000,,,,,,,,3,,1,,,10/17/1990
FR,1250436,,,KGA914,,1,1,FB,,39.06000000,,,,,300.000,88.000,,,,,,,,3,,2,,,10/17/1990
FR,1250436,,,KGA914,,1,1,FB,,39.14000000,,,,,300.000,88.000,,,,,,,,3,,4,,,10/17/1990
FR,1250436,,,KGA914,,1,1,FB,,39.24000000,,,,,300.000,88.000,,,,,,,,3,,5,,,10/17/1990
FR,1250436,,,KGA914,,1,1,FB,,39.26000000,,,,,300.000,88.000,,,,,,,,3,,6,,,10/17/1990
FR,1250436,,,KGA914,,1,1,FB,,39.30000000,,,,,300.000,88.000,,,,,,,,3,,7,,,10/17/1990
FR,1250436,,,KGA914,,1,1,FB,,39.32000000,,,,,300.000,88.000,,,,,,,,3,,8,,,10/17/1990
FR,1250436,,,KGA914,,1,1,FB,,39.34000000,,,,,300.000,88.000,,,,,,,,3,,9,,,10/17/1990
FR,1250436,,,KGA914,,1,1,FB,,39.38000000,,,,,300.000,88.000,,,,,,,,3,,10,,,10/17/1990
FR,1250436,,,KGA914,,1,1,FB,,39.40000000,,,,,300.000,88.000,,,,,,,,3,,11,,,10/17/1990
FR,1250436,,,KGA914,,1,1,FB,,39.62000000,,,,,300.000,88.000,,,,,,,,3,,13,,,10/17/1990
FR,1250436,,,KGA914,,1,1,FB,,39.66000000,,,,,300.000,88.000,,,,,,,,3,,14,,,10/17/1990
FR,1250436,,,KGA914,,1,1,FB,,39.22000000,,,,,100.000,222.000,,,,,,,,3,,15,,,03/24/2005
FR,1250436,,,KGA914,,1,1,FB,,39.68000000,,,,,100.000,222.000,,,,,,,,3,,16,,,03/24/2005
FR,1250436,,,KGA914,,1,1,FB,,39.92000000,,,,,100.000,222.000,,,,,,,,3,,17,,,03/24/2005
FR,1250436,,,KGA914,,1,1,FB,,39.90000000,,,,,300.000,88.000,,,,,,,,3,,18,,,08/16/2007
FR,1250436,,,KGA914,,2,1,FB,,39.26000000,,,,,300.000,330.000,,,,,,,,3,,6,,,10/17/1990
FR,1250436,,,KGA914,,2,1,FB,,44.74000000,,,,,300.000,330.000,,,,,,,,1,,15,,,10/17/1990
FR,1250436,,,KGA914,,2,1,FB,,39.04000000,,,,,300.000,330.000,,,,,,,,3,,1,,,10/17/1990
FR,1250436,,,KGA914,,2,1,FB,,39.06000000,,,,,300.000,330.000,,,,,,,,3,,2,,,10/17/1990
FR,1250436,,,KGA914,,2,1,FB,,39.10000000,,,,,300.000,330.000,,,,,,,,3,,3,,,10/17/1990
FR,1250436,,,KGA914,,2,1,FB,,39.14000000,,,,,300.000,330.000,,,,,,,,3,,4,,,10/17/1990
FR,1250436,,,KGA914,,2,1,FB,,39.24000000,,,,,300.000,330.000,,,,,,,,3,,5,,,10/17/1990
FR,1250436,,,KGA914,,2,1,FB,,39.30000000,,,,,300.000,330.000,,,,,,,,3,,7,,,10/17/1990
FR,1250436,,,KGA914,,2,1,FB,,39.32000000,,,,,300.000,330.000,,,,,,,,3,,8,,,10/17/1990
FR,1250436,,,KGA914,,2,1,FB,,39.34000000,,,,,300.000,330.000,,,,,,,,3,,9,,,10/17/1990
FR,1250436,,,KGA914,,2,1,FB,,39.38000000,,,,,300.000,330.000,,,,,,,,3,,10,,,10/17/1990
FR,1250436,,,KGA914,,2,1,FB,,39.40000000,,,,,300.000,330.000,,,,,,,,3,,11,,,10/17/1990
FR,1250436,,,KGA914,,2,1,FB,,39.52000000,,,,,300.000,330.000,,,,,,,,3,,12,,,10/17/1990
FR,1250436,,,KGA914,,2,1,FB,,39.62000000,,,,,300.000,330.000,,,,,,,,3,,13,,,10/17/1990
FR,1250436,,,KGA914,,2,1,FB,,39.66000000,,,,,300.000,330.000,,,,,,,,3,,14,,,10/17/1990
FR,1250436,,,KGA914,,2,1,FB,,44.90000000,,,,,300.000,330.000,,,,,,,,1,,16,,,10/17/1990
FR,1250436,,,KGA914,,2,1,FB,,155.19000000,,,,,300.000,330.000,,,,,,,,1,,17,,,10/17/1990
FR,1250436,,,KGA914,,2,1,FB,,155.47500000,,,,,300.000,330.000,,,,,,,,1,,18,,,10/17/1990
FR,1250436,,,KGA914,,2,1,FB,,155.73000000,,,,,300.000,330.000,,,,,,,,1,,19,,,10/17/1990
FR,1250436,,,KGA914,,2,1,FB,,39.22000000,,,,,100.000,222.000,,,,,,,,3,,20,,,03/24/2005
FR,1250436,,,KGA914,,2,1,FB,,39.68000000,,,,,100.000,222.000,,,,,,,,3,,21,,,03/24/2005
FR,1250436,,,KGA914,,2,1,FB,,39.92000000,,,,,100.000,222.000,,,,,,,,3,,22,,,03/24/2005
FR,1255489,,,KNNG313,,1,1,FB,,155.47500000,,,,,100.000,100.000,,,,,,,,1,,1,,,01/11/1996
FR,1266014,,,WNYQ766,,1,1,FB,,155.47500000,,,,,50.000,50.000,,,,,,,,1,,1,,,03/03/1992
FR,1294968,,,WPMQ948,,1,1,FXO,,173.20375000,,,,,10.000,40.000,,,,,,,,1,,1,,,11/12/1998
FR,1294968,,,WPMQ948,,2,1,FXO,,173.20375000,,,,,10.000,40.000,,,,,,,,1,,1,,,11/12/1998
FR,1591274,,,KAU893,,1,1,FB,,151.65500000,,,,,100.000,,,,,,,,,1,,1,,,03/09/1981
FR,1591274,,,KAU893,,2,1,MO,,151.65500000,,,,,100.000,,,,,,,,,10,,1,,,03/09/1981
FR,1610113,,,KGH548,,1,1,FB,,151.86500000,,,,,110.000,226.000,,,,,,,,1,,1,,,03/15/1995
FR,1610113,,,KGH548,,2,1,MO,,151.86500000,,,,,110.000,110.000,,,,,,,,10,,1,,,03/15/1995
FR,1613423,,,KNAE389,,1,1,FB2,,151.77500000,,,,,50.000,50.000,,,,,,,,1,,1,,,07/03/1986
FR,1613423,,,KNAE389,,2,1,MO,,151.77500000,,,,,50.000,45.000,,,,,,,,30,,1,,,07/03/1986
FR,1613423,,,KNAE389,,2,1,MO,,160.09500000,,,,,50.000,45.000,,,,,,,,30,,2,,,09/29/2016
FR,1773746,,,KIU682,,1,1,FB,,160.23000000,,,,,40.000,104.000,,,,,,,,1,,1,,,12/09/1988
FR,1773746,,,KIU682,,1,1,FB,,160.32000000,,,,,40.000,104.000,,,,,,,,1,,2,,,12/09/1988
FR,1773746,,,KIU682,,1,1,FB,,160.78500000,,,,,40.000,104.000,,,,,,,,1,,3,,,12/09/1988
FR,1773746,,,KIU682,,1,1,FB,,161.40000000,,,,,40.000,104.000,,,,,,,,1,,4,,,08/13/1998
FR,1773746,,,KIU682,,1,1,FB,,161.16000000,,,,,40.000,104.000,,,,,,,,1,,5,,,08/24/2017
FR,1773746,,,KIU682,,1,1,FB,,160.47000000,,,,,35.000,70.000,,,,,,,,1,,6,,,01/25/2018
FR,1773746,,,KIU682,,1,1,FB,,160.48500000,,,,,35.000,70.000,,,,,,,,1,,7,,,01/25/2018
FR,1773746,,,KIU682,,1,1,FB,,160.87500000,,,,,35.000,70.000,,,,,,,,1,,8,,,01/25/2018
FR,1773746,,,KIU682,,2,1,FB,,160.23000000,,,,,75.000,180.000,,,,,,,,1,,1,,,12/09/1988
FR,1773746,,,KIU682,,2,1,FB,,160.78500000,,,,,75.000,180.000,,,,,,,,1,,2,,,12/09/1988
FR,1773746,,,KIU682,,3,1,FB,,160.38000000,,,,,75.000,75.000,,,,,,,,1,,1,,,12/09/1988
FR,1773746,,,KIU682,,3,1,FB,,160.78500000,,,,,75.000,75.000,,,,,,,,1,,2,,,12/09/1988
FR,1773746,,,KIU682,,3,1,FB,,161.16000000,,,,,75.000,75.000,,,,,,,,1,,3,,,12/09/1988
FR,1773746,,,KIU682,,4,1,FB,,160.23000000,,,,,45.000,65.000,,,,,,,,1,,1,,,12/09/1988
FR,1773746,,,KIU682,,4,1,FB,,160.32000000,,,,,45.000,65.000,,,,,,,,1,,2,,,12/09/1988
FR,1773746,,,KIU682,,4,1,FB,,160.78500000,,,,,45.000,65.000,,,,,,,,1,,3,,,12/09/1988
FR,1773746,,,KIU682,,4,1,FB,,161.14500000,,,,,45.000,65.000,,,,,,,,1,,4,,,05/09/2018
FR,1773746,,,KIU682,,4,1,FB,,161.23500000,,,,,45.000,64.000,,,,,,,,1,,5,,,05/09/2018
FR,1773746,,,KIU682,,4,1,FB,,161.35500000,,,,,45.000,65.000,,,,,,,,1,,6,,,05/09/2018
FR,1773746,,,KIU682,,5,1,FB,,160.23000000,,,,,45.000,109.000,,,,,,,,1,,1,,,12/09/1988
FR,1773746,,,KIU682,,5,1,FB,,160.32000000,,,,,45.000,109.000,,,,,,,,1,,2,,,12/09/1988
FR,1773746,,,KIU682,,5,1,FB,,160.78500000,,,,,45.000,109.000,,,,,,,,1,,3,,,12/09/1988
FR,1773746,,,KIU682,,5,1,FB,,161.14500000,,,,,45.000,109.000,,,,,,,,1,,4,,,05/09/2018
FR,1773746,,,KIU682,,5,1,FB,,161.23500000,,,,,45.000,109.000,,,,,,,,1,,5,,,05/09/2018
FR,1773746,,,KIU682,,5,1,FB,,161.35500000,,,,,45.000,109.000,,,,,,,,1,,6,,,05/09/2018
FR,1806035,,,WPNS951,,2,1,FB,,160.56000000,,,,,65.000,230.000,,,,,,,,1,,1,,,06/02/1999
FR,1806035,,,WPNS951,,3,1,FB,,160.80000000,,,,,40.000,77.000,,,,,,,,1,,1,,,06/02/1999
FR,1816223,,,WPPC544,,1,1,FB6,,461.60000000,,,,,100.000,35.000,,,,,,,,1,,3,,,10/20/1999
FR,1816223,,,WPPC544,,1,1,FB6,,150.96500000,,,,,100.000,35.000,,,,,,,,1,,1,,,10/20/1999
FR,1816223,,,WPPC544,,1,1,FB6,,153.44000000,,,,,100.000,35.000,,,,,,,,1,,2,,,10/20/1999
FR,1816223,,,WPPC544,,2,1,FB6,,464.75000000,,,,,100.000,250.000,,,,,,,,1,,1,,,10/20/1999
FR,1816223,,,WPPC544,,3,1,FX1,,157.47000000,,,,,40.000,40.000,,,,,,,,10,,1,,,10/20/1999
FR,1816223,,,WPPC544,,3,1,FX1,,159.79500000,,,,,40.000,40.000,,,,,,,,10,,2,,,10/20/1999
FR,1816223,,,WPPC544,,3,1,FX1,,466.60000000,,,,,40.000,40.000,,,,,,,,10,,3,,,10/20/1999
FR,1816223,,,WPPC544,,3,1,FX1,,469.75000000,,,,,40.000,40.000,,,,,,,,10,,4,,,10/20/1999
FR,1816223,,,WPPC544,,4,1,MO,,159.79500000,,,,,40.000,40.000,,,,,,,,100,,4,,,10/20/1999
FR,1816223,,,WPPC544,,4,1,MO,,150.96500000,,,,,40.000,40.000,,,,,,,,100,,1,,,10/20/1999
FR,1816223,,,WPPC544,,4,1,MO,,153.44000000,,,,,40.000,40.000,,,,,,,,100,,2,,,10/20/1999
FR,1816223,,,WPPC544,,4,1,MO,,157.47000000,,,,,40.000,40.000,,,,,,,,100,,3,,,10/20/1999
FR,1816223,,,WPPC544,,4,1,MO,,461.60000000,,,,,40.000,40.000,,,,,,,,100,,5,,,10/20/1999
FR,1816223,,,WPPC544,,4,1,MO,,466.60000000,,,,,40.000,40.000,,,,,,,,100,,6,,,10/20/1999
FR,1816223,,,WPPC544,,5,1,MO,,464.75000000,,,,,40.000,40.000,,,,,,,,100,,1,,,10/20/1999
FR,1816223,,,WPPC544,,5,1,MO,,469.75000000,,,,,40.000,40.000,,,,,,,,100,,2,,,10/20/1999
FR,1823878,,,WPQC357,,1,1,FB6,,159.70500000,,,,,110.000,41.000,,,,,,,,1,,2,,,11/08/2000
FR,1823878,,,WPQC357,,1,1,FB6,,159.52500000,,,,,110.000,41.000,,,,,,,,1,,1,,,11/08/2000
FR,1823878,,,WPQC357,,1,1,FB6,,159.93000000,,,,,110.000,41.000,,,,,,,,1,,3,,,11/08/2000
FR,1823878,,,WPQC357,,2,1,FX1,,153.33500000,,,,,40.000,40.000,,,,,,,,6,,1,,,05/18/2000
FR,1823878,,,WPQC357,,2,1,FX1,,153.54500000,,,,,40.000,,,,,,,,,6,,2,,,05/18/2000
FR,1823878,,,WPQC357,,2,1,FX1,,153.68000000,,,,,40.000,40.000,,,,,,,,6,,3,,,05/18/2000
FR,1823878,,,WPQC357,,3,1,MO,,153.33500000,,,,,40.000,40.000,,,,,,,,100,,1,,,11/08/2000
FR,1823878,,,WPQC357,,3,1,MO,,153.54500000,,,,,40.000,40.000,,,,,,,,100,,2,,,11/08/2000
FR,1823878,,,WPQC357,,3,1,MO,,153.68000000,,,,,40.000,40.000,,,,,,,,100,,3,,,11/08/2000
FR,1834768,,,KLG496,,1,1,FB,,160.23000000,,,,,40.000,96.000,,,,,,,,1,,1,,,10/26/1994
FR,1834768,,,KLG496,,1,1,FB,,160.32000000,,,,,40.000,96.000,,,,,,,,1,,2,,,10/26/1994
FR,1834768,,,KLG496,,1,1,FB,,160.78500000,,,,,40.000,96.000,,,,,,,,1,,3,,,10/26/1994
FR,1834768,,,KLG496,,1,1,FB,,161.40000000,,,,,40.000,96.000,,,,,,,,1,,4,,,08/13/1998
FR,1834768,,,KLG496,,1,1,FB,,160.47000000,,,,,35.000,70.000,,,,,,,,1,,5,,,01/25/2018
FR,1834768,,,KLG496,,1,1,FB,,160.48500000,,,,,35.000,70.000,,,,,,,,1,,6,,,01/25/2018
FR,1834768,,,KLG496,,1,1,FB,,160.87500000,,,,,35.000,70.000,,,,,,,,1,,7,,,01/25/2018
FR,1834768,,,KLG496,,2,1,FB,,160.23000000,,,,,75.000,75.000,,,,,,,,1,,1,,,10/26/1994
FR,1834768,,,KLG496,,2,1,FB,,160.53000000,,,,,75.000,75.000,,,,,,,,1,,2,,,10/26/1994
FR,1834768,,,KLG496,,2,1,FB,,161.16000000,,,,,75.000,75.000,,,,,,,,1,,3,,,10/26/1994
FR,1834768,,,KLG496,,3,1,FB,,160.78500000,,,,,45.000,33.000,,,,,,,,1,,2,,,10/26/1994
FR,1834768,,,KLG496,,3,1,FB,,160.23000000,,,,,45.000,33.000,,,,,,,,1,,1,,,10/26/1994
FR,1834768,,,KLG496,,3,1,FB,,161.10000000,,,,,45.000,33.000,,,,,,,,1,,3,,,10/26/1994
FR,1834768,,,KLG496,,4,1,FB,,160.23000000,,,,,45.000,120.000,,,,,,,,1,,1,,,10/26/1994
FR,1834768,,,KLG496,,4,1,FB,,160.32000000,,,,,45.000,120.000,,,,,,,,1,,2,,,10/26/1994
FR,1834768,,,KLG496,,4,1,FB,,160.53000000,,,,,45.000,120.000,,,,,,,,1,,3,,,10/26/1994
FR,1834768,,,KLG496,,4,1,FB,,160.78500000,,,,,45.000,120.000,,,,,,,,1,,4,,,10/26/1994
FR,1834768,,,KLG496,,4,1,FB,,161.40000000,,,,,45.000,120.000,,,,,,,,1,,5,,,08/13/1998
FR,1834768,,,KLG496,,5,1,FB,,160.78500000,,,,,75.000,127.000,,,,,,,,1,,3,,,10/26/1994
FR,1834768,,,KLG496,,5,1,FB,,160.23000000,,,,,75.000,127.000,,,,,,,,1,,1,,,10/26/1994
FR,1834768,,,KLG496,,5,1,FB,,160.32000000,,,,,75.000,127.000,,,,,,,,1,,2,,,10/26/1994
FR,1834768,,,KLG496,,6,1,FB,,160.23000000,,,,,45.000,36.000,,,,,,,,1,,1,,,10/26/1994
FR,1834768,,,KLG496,,6,1,FB,,160.32000000,,,,,45.000,36.000,,,,,,,,1,,2,,,10/26/1994
FR,1834768,,,KLG496,,6,1,FB,,160.47000000,,,,,35.000,70.000,,,,,,,,1,,3,,,01/25/2018
FR,1834768,,,KLG496,,6,1,FB,,160.87500000,,,,,35.000,70.000,,,,,,,,1,,4,,,01/25/2018
FR,1834768,,,KLG496,,6,1,FB,,160.48500000,,,,,35.000,70.000,,,,,,,,1,,5,,,01/25/2018
FR,1834768,,,KLG496,,6,2,FB,,160.78500000,,,,,45.000,36.000,,,,,,,,1,,1,,,10/26/1994
FR,1834768,,,KLG496,,6,2,FB,,161.40000000,,,,,45.000,36.000,,,,,,,,1,,2,,,08/13/1998
FR,1845304,,,KCD952,,1,1,FB,,151.49000000,,,,,100.000,100.000,,,,,,,,1,,1,,,01/13/1995
FR,1845304,,,KCD952,,2,1,MO,,151.49000000,,,,,100.000,,,,,,,,,25,,1,,,01/13/1995
FR,1861958,,,WNGS798,,1,1,FB,,152.93000000,,,,,25.000,97.000,,,,,,,,1,,1,,,08/26/1986
FR,1861958,,,WNGS798,,2,1,MOI,,151.50500000,,,,,25.000,25.000,,,,,,,,10,,1,,,08/26/1986
FR,1861958,,,WNGS798,,3,1,MO,,152.93000000,,,,,25.000,25.000,,,,,,,,10,,1,,,08/26/1986
FR,1881482,,,KBJ391,,1,1,FBC,,153.65000000,,,,,110.000,265.000,,,,,,,,1,,1,,,07/31/1991
FR,1881482,,,KBJ391,,2,1,MO,,153.65000000,,,,,110.000,,,,,,,,,20,,1,,,07/31/1991
FR,1889840,,,WFB509,,1,1,FB2,,153.41000000,,,,,100.000,100.000,,,,,,,,1,30,1,,,09/14/1990
FR,1889840,,,WFB509,,2,1,FB,,153.41000000,,,,,30.000,30.000,,,,,,,,1,30,1,,,09/14/1990
FR,1889840,,,WFB509,,2,1,FB,,158.22000000,,,,,30.000,30.000,,,,,,,,1,30,2,,,09/14/1990
FR,1889840,,,WFB509,,3,1,FB,,153.41000000,,,,,30.000,30.000,,,,,,,,1,30,1,,,09/14/1990
FR,1889840,,,WFB509,,3,1,FB,,158.22000000,,,,,30.000,30.000,,,,,,,,1,30,2,,,09/14/1990
FR,1889840,,,WFB509,,4,1,MO3,,451.08750000,,,,,2.000,2.000,,,,,,,,60,,3,,,09/14/1990
FR,1889840,,,WFB509,,4,1,MO,,153.41000000,,,,,30.000,30.000,,,,,,,,60,,1,,,09/14/1990
FR,1889840,,,WFB509,,4,1,MO,,158.22000000,,,,,30.000,30.000,,,,,,,,60,,2,,,09/14/1990
FR,1889840,,,WFB509,,4,1,MO,,451.08750000,,,,,2.500,2.500,,,,,,,,60,,4,,,09/14/1990
FR,1897144,,,WPKH219,,1,1,FB,,159.73500000,,,,,100.000,85.000,,,,,,,,1,,1,,,02/19/1997
FR,1897144,,,WPKH219,,3,1,MO,,159.73500000,,,,,100.000,100.000,,,,,,,,20,,1,,,02/19/1997
FR,1915810,,,KIW419,,1,1,FB,,160.95000000,,,,,50.000,150.000,,,,,,,,1,,2,,,02/01/2005
FR,1915810,,,KIW419,,1,1,FB,,160.24500000,,,,,50.000,150.000,,,,,,,,1,,3,,,02/08/2017
FR,1916055,,,KLM673,,1,1,FB,,160.44000000,,,,,50.000,150.000,,,,,,,,1,,1,,,12/17/1986
FR,1916055,,,KLM673,,1,1,FB,,161.07000000,,,,,50.000,150.000,,,,,,,,1,,2,,,08/13/2009
FR,1916055,,,KLM673,,1,1,FB,,160.95000000,,,,,50.000,150.000,,,,,,,,1,,3,,,02/23/2011
FR,1916055,,,KLM673,,1,1,FB,,160.24500000,,,,,50.000,150.000,,,,,,,,1,,4,,,02/06/2017
FR,1916521,,,KNIC421,,1,1,FB,,160.23000000,,,,,5.000,4.500,,,,,,,,1,,1,,,04/22/1988
FR,1916521,,,KNIC421,,2,1,FB,,160.23000000,,,,,5.000,4.500,,,,,,,,1,,1,,,04/22/1988
FR,1916521,,,KNIC421,,3,1,FB,,160.23000000,,,,,5.000,4.500,,,,,,,,1,,1,,,04/22/1988
FR,1916521,,,KNIC421,,4,1,FB,,160.23000000,,,,,75.000,75.000,,,,,,,,1,,1,,,04/22/1988
FR,1916522,,,KNIC422,,1,1,FB,,160.23000000,,,,,5.000,4.500,,,,,,,,1,,1,,,12/01/1988
FR,1916522,,,KNIC422,,2,1,FB,,160.23000000,,,,,5.000,4.500,,,,,,,,1,,1,,,12/01/1988
FR,1916522,,,KNIC422,,3,1,FB,,160.23000000,,,,,5.000,4.500,,,,,,,,1,,1,,,12/01/1988
FR,1916684,,,KNNN858,,1,1,FB,,161.26500000,,,,,45.000,125.000,,,,,,,,1,,1,,,03/14/1996
FR,1916684,,,KNNN858,,1,2,FB,,160.23000000,,,,,45.000,160.000,,,,,,,,1,,1,,,03/14/1996
FR,1916684,,,KNNN858,,1,2,FB,,160.32000000,,,,,45.000,160.000,,,,,,,,1,,2,,,03/14/1996
FR,1916684,,,KNNN858,,1,2,FB,,160.78500000,,,,,45.000,160.000,,,,,,,,1,,3,,,03/14/1996
FR,1916684,,,KNNN858,,1,2,FB,,161.52000000,,,,,45.000,160.000,,,,,,,,1,,4,,,03/14/1996
FR,1918157,,,WNNA256,,1,1,FB,,160.95000000,,,,,30.000,30.000,,,,,,,,1,,2,,,08/19/1991
FR,1918157,,,WNNA256,,2,1,FB,,160.95000000,,,,,30.000,30.000,,,,,,,,1,,2,,,08/19/1991
FR,1918157,,,WNNA256,,3,1,FB,,160.95000000,,,,,30.000,30.000,,,,,,,,1,,2,,,08/19/1991
FR,1918157,,,WNNA256,,4,1,FB,,160.95000000,,,,,30.000,30.000,,,,,,,,1,,2,,,08/19/1991
FR,1918157,,,WNNA256,,5,1,FB,,161.19000000,,,,,30.000,30.000,,,,,,,,1,,2,,,08/19/1991
FR,1918157,,,WNNA256,,5,1,FB,,160.48500000,,,,,30.000,30.000,,,,,,,,1,,3,,,02/15/2017
FR,1940989,,,WPRT744,,1,1,FB2,,461.08750000,,,,,2.000,10.000,,,,,,,,1,,1,,,01/25/2001
FR,1940989,,,WPRT744,,2,1,FB2,,461.93750000,,,,,2.000,10.000,,,,,,,,1,,1,,,01/25/2001
FR,1940989,,,WPRT744,,3,1,FB2,,463.43750000,,,,,25.000,30.000,,,,,,,,1,,2,,,03/09/2009
FR,1940989,,,WPRT744,,4,1,MO,,460.66250000,,,,,2.000,,,,,,,,,200,,1,,,01/25/2001
FR,1940989,,,WPRT744,,4,1,MO,,460.68750000,,,,,2.000,,,,,,,,,200,,2,,,01/25/2001
FR,1940989,,,WPRT744,,4,1,MO,,460.71250000,,,,,2.000,,,,,,,,,200,,3,,,01/25/2001
FR,1940989,,,WPRT744,,4,1,MO,,460.73750000,,,,,2.000,,,,,,,,,200,,4,,,01/25/2001
FR,1940989,,,WPRT744,,4,1,MO,,460.76250000,,,,,2.000,,,,,,,,,200,,5,,,01/25/2001
FR,1940989,,,WPRT744,,4,1,MO,,460.77500000,,,,,2.000,2.000,,,,,,,,200,,6,,,01/25/2001
FR,1940989,,,WPRT744,,4,1,MO,,461.03750000,,,,,2.000,,,,,,,,,200,,7,,,01/25/2001
FR,1940989,,,WPRT744,,4,1,MO,,461.91250000,,,,,2.000,,,,,,,,,200,,8,,,01/25/2001
FR,1940989,,,WPRT744,,4,1,MO,,465.85000000,,,,,2.000,2.000,,,,,,,,200,,9,,,01/25/2001
FR,1940989,,,WPRT744,,5,1,MO,,466.08750000,,,,,2.000,,,,,,,,,60,,1,,,01/25/2001
FR,1940989,,,WPRT744,,6,1,MO,,466.93750000,,,,,2.000,,,,,,,,,30,,1,,,01/25/2001
FR,1940989,,,WPRT744,,7,1,MO,,468.43750000,,,,,5.000,5.000,,,,,,,,30,,2,,,03/09/2009
FR,1916521,,,KNIC421,,5,1,FB,,160.23000000,,,,,75.000,75.000,,,,,,,,1,,1,,,08/23/2002
FR,2490148,,,WPXB546,,1,1,FB2,,155.53500000,,,,,50.000,100.000,,,,,,,,1,,1,,,02/26/2003
FR,2490148,,,WPXB546,,2,1,MO,,155.53500000,,,,,50.000,50.000,,,,,,,,100,,2,,,02/26/2003
FR,2490148,,,WPXB546,,2,1,MO,,154.84500000,,,,,50.000,50.000,,,,,,,,100,,1,,,02/26/2003
FR,2490148,,,WPXB546,,3,1,MO,,154.84500000,,,,,5.000,5.000,,,,,,,,100,,1,,,02/26/2003
FR,2490148,,,WPXB546,,3,1,MO,,155.53500000,,,,,5.000,5.000,,,,,,,,100,,2,,,02/26/2003
FR,2529739,,,WPXZ469,,1,1,FA,LL,130.22500000,,,,,10.000,,,,,,,,,,,1,,,07/07/2003
FR,1238872,,,WZX569,,3,1,MO,,153.98000000,,,,,5.000,5.000,,,,,,,,100,,1,,,09/20/2004
FR,1238872,,,WZX569,,3,1,MO,,159.31500000,,,,,5.000,5.000,,,,,,,,100,,2,,,09/20/2004
FR,1238872,,,WZX569,,3,1,MO,,159.20250000,,,,,5.000,5.000,,,,,,,,100,,3,,,09/23/2021
FR,2670505,,,WQBN767,,1,1,FB,,161.05500000,,,,,5.000,5.000,,,,,,,,1,,2,,,11/15/2004
FR,2670505,,,WQBN767,,1,1,FB,,160.80000000,,,,,5.000,5.000,,,,,,,,1,,1,,,11/15/2004
FR,2670505,,,WQBN767,,2,1,FB,,160.80000000,,,,,5.000,5.000,,,,,,,,1,,1,,,11/15/2004
FR,2670505,,,WQBN767,,2,1,FB,,161.05500000,,,,,5.000,5.000,,,,,,,,1,,2,,,11/15/2004
FR,2670505,,,WQBN767,,6,1,FB,,160.98000000,,,,,5.000,5.000,,,,,,,,1,,1,,,11/15/2004
FR,2670505,,,WQBN767,,6,1,FB,,161.05500000,,,,,5.000,5.000,,,,,,,,1,,2,,,11/15/2004
FR,2670505,,,WQBN767,,3,1,FB,,161.05500000,,,,,5.000,5.000,,,,,,,,1,,2,,,11/15/2004
FR,2670505,,,WQBN767,,3,1,FB,,161.07000000,,,,,5.000,5.000,,,,,,,,1,,1,,,11/15/2004
FR,2670505,,,WQBN767,,4,1,FB,,161.07000000,,,,,5.000,5.000,,,,,,,,1,,1,,,11/15/2004
FR,2670505,,,WQBN767,,4,1,FB,,161.05500000,,,,,5.000,5.000,,,,,,,,1,,2,,,11/15/2004
FR,2670505,,,WQBN767,,5,1,FB,,160.98000000,,,,,5.000,5.000,,,,,,,,1,,1,,,11/15/2004
FR,2670505,,,WQBN767,,5,1,FB,,161.05500000,,,,,5.000,5.000,,,,,,,,1,,2,,,11/15/2004
FR,1915810,,,KIW419,,2,1,FB,,160.95000000,,,,,50.000,150.000,,,,,,,,1,,2,,,02/01/2005
FR,1915810,,,KIW419,,3,1,FB,,161.07000000,,,,,50.000,150.000,,,,,,,,1,,2,,,02/01/2005
FR,1915810,,,KIW419,,3,1,FB,,160.95000000,,,,,50.000,150.000,,,,,,,,1,,3,,,02/08/2017
FR,1915810,,,KIW419,,3,1,FB,,160.98000000,,,,,50.000,150.000,,,,,,,,1,,4,,,02/08/2017
FR,2737829,,,WQDD826,,1,1,FB,,151.13750000,,,,,100.000,80.000,,,,,,,,2,,1,,,08/02/2005
FR,2737829,,,WQDD826,,1,1,FB,,154.45250000,,,,,100.000,80.000,,,,,,,,2,,2,,,08/02/2005
FR,2737829,,,WQDD826,,1,1,FB,,155.75250000,,,,,100.000,80.000,,,,,,,,2,,3,,,08/02/2005
FR,2737829,,,WQDD826,,1,1,FB,,158.73750000,,,,,100.000,80.000,,,,,,,,2,,4,,,08/02/2005
FR,2737829,,,WQDD826,,1,1,FB,,159.47250000,,,,,100.000,80.000,,,,,,,,2,,5,,,08/02/2005
FR,2737829,,,WQDD826,,1,2,FB,,453.21250000,,,,,100.000,80.000,,,,,,,,2,,1,,,08/02/2005
FR,2737829,,,WQDD826,,1,2,FB,,453.46250000,,,,,100.000,80.000,,,,,,,,2,,2,,,08/02/2005
FR,2737829,,,WQDD826,,1,2,FB,,453.71250000,,,,,100.000,80.000,,,,,,,,2,,3,,,08/02/2005
FR,2737829,,,WQDD826,,1,2,FB,,453.86250000,,,,,100.000,80.000,,,,,,,,2,,4,,,08/02/2005
FR,1940989,,,WPRT744,,8,1,FB2,,151.64750000,,,,,100.000,42.000,,,,,,,,1,,1,,,10/27/2005
FR,1940989,,,WPRT744,,9,1,FB2,,151.96250000,,,,,100.000,61.000,,,,,,,,1,,1,,,10/27/2005
FR,1940989,,,WPRT744,,10,1,FB2,,151.54250000,,,,,100.000,180.000,,,,,,,,1,,1,,,10/27/2005
FR,1940989,,,WPRT744,,11,1,MO,,158.34750000,,,,,50.000,50.000,,,,,,,,100,,1,,,10/27/2005
FR,1940989,,,WPRT744,,12,1,MO,,159.57750000,,,,,50.000,50.000,,,,,,,,100,,1,,,10/27/2005
FR,1940989,,,WPRT744,,13,1,MO,,159.78750000,,,,,50.000,50.000,,,,,,,,100,,1,,,10/27/2005
FR,1915810,,,KIW419,,1,2,FB,,161.56500000,,,,,40.000,60.000,,,,,,,,1,,1,,,11/15/2005
FR,1915810,,,KIW419,,4,1,FB,,160.48500000,,,,,25.000,45.000,,,,,,,,1,,8,,,02/08/2017
FR,1915810,,,KIW419,,4,1,FB,,161.10000000,,,,,25.000,45.000,,,,,,,,1,,9,,,02/08/2017
FR,1915810,,,KIW419,,4,2,FB,,161.56500000,,,,,25.000,45.000,,,,,,,,1,,1,,,11/15/2005
FR,1915810,,,KIW419,,5,1,MO,,160.24500000,,,,,50.000,50.000,,,,,,,,50,,2,,,01/17/2013
FR,1915810,,,KIW419,,5,1,MO,,160.95000000,,,,,50.000,50.000,,,,,,,,50,,1,,,11/15/2005
FR,1915810,,,KIW419,,5,1,MO,,160.48500000,,,,,50.000,50.000,,,,,,,,50,,3,,,02/08/2017
FR,1915810,,,KIW419,,5,1,MO,,161.10000000,,,,,50.000,50.000,,,,,,,,50,,5,,,02/08/2017
FR,2915843,,,WQGZ447,,1,1,FB2,,453.21250000,,,,,100.000,116.800,,,,,,,,1,,1,,,06/01/2007
FR,2915843,,,WQGZ447,,1,1,FB2,,453.86250000,,,,,100.000,116.800,,,,,,,,1,,2,,,06/01/2007
FR,2915843,,,WQGZ447,,1,2,FB,,155.75250000,,,,,100.000,94.800,,,,,,,,1,,3,,,06/01/2007
FR,2915843,,,WQGZ447,,1,2,FB,,158.73750000,,,,,100.000,94.800,,,,,,,,1,,4,,,06/01/2007
FR,2915843,,,WQGZ447,,2,1,FB2,,453.21250000,,,,,50.000,51.800,,,,,,,,1,,1,,,06/01/2007
FR,2915843,,,WQGZ447,,2,1,FB2,,453.86250000,,,,,50.000,51.800,,,,,,,,1,,2,,,06/01/2007
FR,2915843,,,WQGZ447,,2,2,FB,,155.75250000,,,,,50.000,37.500,,,,,,,,1,,3,,,06/01/2007
FR,2915843,,,WQGZ447,,2,2,FB,,159.47250000,,,,,50.000,37.500,,,,,,,,1,,4,,,06/01/2007
FR,2915843,,,WQGZ447,,3,1,FB2,,453.21250000,,,,,50.000,70.800,,,,,,,,1,,1,,,06/01/2007
FR,2915843,,,WQGZ447,,3,1,FB2,,453.71250000,,,,,50.000,70.800,,,,,,,,1,,2,,,06/01/2007
FR,2915843,,,WQGZ447,,3,2,FB,,155.75250000,,,,,50.000,56.900,,,,,,,,1,,3,,,06/01/2007
FR,2915843,,,WQGZ447,,3,2,FB,,151.13750000,,,,,50.000,56.900,,,,,,,,1,,4,,,06/01/2007
FR,2915843,,,WQGZ447,,4,1,FB2,,453.21250000,,,,,50.000,61.100,,,,,,,,1,,1,,,06/01/2007
FR,2915843,,,WQGZ447,,4,1,FB2,,453.46250000,,,,,50.000,61.100,,,,,,,,1,,2,,,06/01/2007
FR,2915843,,,WQGZ447,,4,2,FB,,155.75250000,,,,,50.000,48.100,,,,,,,,1,,3,,,06/01/2007
FR,2915843,,,WQGZ447,,4,2,FB,,154.45250000,,,,,50.000,48.100,,,,,,,,1,,4,,,06/01/2007
FR,2915843,,,WQGZ447,,5,1,FB2,,453.21250000,,,,,100.000,500.000,,,,,,,,1,,1,,,06/01/2007
FR,2915843,,,WQGZ447,,5,1,FB2,,453.86250000,,,,,100.000,500.000,,,,,,,,1,,2,,,06/01/2007
FR,2915843,,,WQGZ447,,5,2,FB,,155.75250000,,,,,100.000,500.000,,,,,,,,1,,3,,,06/01/2007
FR,2915843,,,WQGZ447,,5,2,FB,,158.73750000,,,,,100.000,500.000,,,,,,,,1,,4,,,06/01/2007
FR,2915843,,,WQGZ447,,6,1,MO,,453.21250000,,,,,100.000,100.000,,,,,,,,2000,,1,,,06/01/2007
FR,2915843,,,WQGZ447,,6,1,MO,,154.45250000,,,,,100.000,100.000,,,,,,,,2000,,11,,,06/01/2007
FR,2915843,,,WQGZ447,,6,1,MO,,158.73750000,,,,,100.000,100.000,,,,,,,,2000,,12,,,06/01/2007
FR,2915843,,,WQGZ447,,6,1,MO,,159.47250000,,,,,100.000,100.000,,,,,,,,2000,,13,,,06/01/2007
FR,2915843,,,WQGZ447,,6,1,MO,,458.21250000,,,,,100.000,100.000,,,,,,,,2000,,2,,,06/01/2007
FR,2915843,,,WQGZ447,,6,1,MO,,453.46250000,,,,,100.000,100.000,,,,,,,,2000,,3,,,06/01/2007
FR,2915843,,,WQGZ447,,6,1,MO,,458.46250000,,,,,100.000,100.000,,,,,,,,2000,,4,,,06/01/2007
FR,2915843,,,WQGZ447,,6,1,MO,,453.71250000,,,,,100.000,100.000,,,,,,,,2000,,5,,,06/01/2007
FR,2915843,,,WQGZ447,,6,1,MO,,458.71250000,,,,,100.000,100.000,,,,,,,,2000,,6,,,06/01/2007
FR,2915843,,,WQGZ447,,6,1,MO,,453.86250000,,,,,100.000,100.000,,,,,,,,2000,,7,,,06/01/2007
FR,2915843,,,WQGZ447,,6,1,MO,,458.86250000,,,,,100.000,100.000,,,,,,,,2000,,8,,,06/01/2007
FR,2915843,,,WQGZ447,,6,1,MO,,155.75250000,,,,,100.000,100.000,,,,,,,,2000,,9,,,06/01/2007
FR,2915843,,,WQGZ447,,6,1,MO,,151.13750000,,,,,100.000,100.000,,,,,,,,2000,,10,,,06/01/2007
FR,2958493,,,WQHU377,,1,1,FXO,,154.47125000,,,,,5.000,20.000,,,,,,,,1,,1,,,11/07/2007
FR,2958493,,,WQHU377,,2,1,FXO,,154.47125000,,,,,5.000,20.000,,,,,,,,1,,1,,,11/07/2007
FR,2974236,,,WQIC922,,1,1,FB2,,151.19750000,,,,,50.000,50.000,,,,,,,,1,,1,,,01/07/2008
FR,2974236,,,WQIC922,,1,1,FB2,,155.32500000,,,,,50.000,50.000,,,,,,,,1,,2,,,12/07/2009
FR,2974243,,,WQIC929,,1,1,FB2,,155.85750000,,,,,50.000,50.000,,,,,,,,1,,1,,,01/07/2008
FR,1916521,,,KNIC421,,6,1,FB,,160.23000000,,,,,8.000,8.000,,,,,,,,1,,1,,,01/20/2009
FR,1916055,,,KLM673,,2,1,MO,,160.95000000,,,,,50.000,50.000,,,,,,,,50,,3,,,02/23/2011
FR,1916055,,,KLM673,,2,1,MO,,160.24500000,,,,,50.000,50.000,,,,,,,,50,,4,,,02/06/2017
FR,1916055,,,KLM673,,2,1,MO,,160.98000000,,,,,50.000,50.000,,,,,,,,50,,5,,,02/06/2017
FR,1916055,,,KLM673,,2,1,MO,,160.62000000,,,,,50.000,50.000,,,,,,,,50,,6,,,02/06/2017
FR,1806035,,,WPNS951,,4,1,MO,,160.56000000,,,,,45.000,45.000,,,,,,,,50,,1,,,04/29/2010
FR,1806035,,,WPNS951,,5,1,MO,,160.80000000,,,,,45.000,45.000,,,,,,,,50,,1,,,04/29/2010
FR,3257838,,,WQNE907,,1,1,FB2,,155.59500000,,,,,50.000,50.000,,,,,,,,1,,1,,,01/13/2011
FR,1916055,,,KLM673,,1,2,FB,,161.56500000,,,,,40.000,60.000,,,,,,,,1,,2,,,02/06/2017
FR,3352969,,,WQOW666,,1,1,FB2,,153.39500000,,,,,110.000,45.000,,,,,,,,1,,1,,,02/17/2012
FR,3352969,,,WQOW666,,1,1,FB2,,153.56000000,,,,,110.000,45.000,,,,,,,,1,,2,,,02/17/2012
FR,3352969,,,WQOW666,,1,1,FB8,,158.17500000,,,,,110.000,45.000,,,,,,,,1,,3,,,02/17/2012
FR,3352969,,,WQOW666,,2,1,FB8,,153.69500000,,,,,50.000,50.000,,,,,,,,1,,4,,,05/29/2012
FR,3352969,,,WQOW666,,2,1,FB2,,151.98500000,,,,,50.000,50.000,,,,,,,,1,,1,,,02/17/2012
FR,3352969,,,WQOW666,,2,1,FB2,,153.11000000,,,,,50.000,50.000,,,,,,,,1,,2,,,02/17/2012
FR,3352969,,,WQOW666,,2,1,FB2,,153.20000000,,,,,50.000,50.000,,,,,,,,1,,3,,,02/17/2012
FR,3352969,,,WQOW666,,3,1,MO,,159.97500000,,,,,50.000,50.000,,,,,,,,1800,,1,,,02/17/2012
FR,3352969,,,WQOW666,,3,1,MO,,160.02000000,,,,,50.000,50.000,,,,,,,,1800,,2,,,02/17/2012
FR,3352969,,,WQOW666,,3,1,MO8,,173.32500000,,,,,50.000,50.000,,,,,,,,1800,,3,,,02/17/2012
FR,3352969,,,WQOW666,,4,1,MO8,,158.20500000,,,,,50.000,50.000,,,,,,,,1800,,1,,,02/17/2012
FR,3352969,,,WQOW666,,4,1,MO,,158.28000000,,,,,50.000,50.000,,,,,,,,1800,,2,,,02/17/2012
FR,3352969,,,WQOW666,,4,1,MO,,158.31000000,,,,,50.000,50.000,,,,,,,,1800,,3,,,02/17/2012
FR,3352969,,,WQOW666,,4,1,MO,,159.66000000,,,,,50.000,50.000,,,,,,,,1800,,4,,,02/17/2012
FR,3376469,,,WQPG425,,1,1,FB2,,159.67500000,,,,,25.000,61.000,,,,,,,,1,,1,,,05/09/2012
FR,3376469,,,WQPG425,,1,1,FB2,,159.82500000,,,,,25.000,61.000,,,,,,,,1,,2,,,05/09/2012
FR,3376469,,,WQPG425,,1,1,FB8,,173.37500000,,,,,25.000,61.000,,,,,,,,1,,3,,,05/09/2012
FR,3376469,,,WQPG425,,2,1,FB2,,151.91000000,,,,,50.000,75.000,,,,,,,,1,,1,,,05/09/2012
FR,3376469,,,WQPG425,,2,1,FB2,,153.62000000,,,,,50.000,75.000,,,,,,,,1,,2,,,05/09/2012
FR,3376469,,,WQPG425,,2,1,FB2,,153.71000000,,,,,50.000,75.000,,,,,,,,1,,3,,,05/09/2012
FR,3376469,,,WQPG425,,3,1,FB2,,151.52000000,,,,,110.000,135.000,,,,,,,,1,,1,,,05/09/2012
FR,3376469,,,WQPG425,,3,1,FB8,,151.85000000,,,,,110.000,135.000,,,,,,,,1,,2,,,05/09/2012
FR,3376469,,,WQPG425,,3,1,FB2,,152.43500000,,,,,110.000,135.000,,,,,,,,1,,3,,,05/09/2012
FR,3376469,,,WQPG425,,4,1,MO,,153.47000000,,,,,50.000,50.000,,,,,,,,1800,,1,,,05/09/2012
FR,3376469,,,WQPG425,,4,1,MO8,,158.25000000,,,,,50.000,50.000,,,,,,,,1800,,3,,,05/09/2012
FR,3376469,,,WQPG425,,4,1,MO,,152.96750000,,,,,50.000,50.000,,,,,,,,1800,,4,,,03/19/2014
FR,3376469,,,WQPG425,,5,1,MO,,158.13000000,,,,,50.000,50.000,,,,,,,,1800,,1,,,05/09/2012
FR,3376469,,,WQPG425,,5,1,MO,,158.23500000,,,,,50.000,50.000,,,,,,,,1800,,2,,,05/09/2012
FR,3376469,,,WQPG425,,5,1,MO,,159.69000000,,,,,50.000,50.000,,,,,,,,1800,,3,,,05/09/2012
FR,3376469,,,WQPG425,,6,1,MO,,157.69500000,,,,,50.000,50.000,,,,,,,,1800,,1,,,05/09/2012
FR,3376469,,,WQPG425,,6,1,MO,,158.14500000,,,,,50.000,50.000,,,,,,,,1800,,2,,,05/09/2012
FR,1207730,,,KFZ738,,3,1,FB,,154.40750000,,,,,45.000,45.000,,,,,,,,1,,1,,,10/31/2012
FR,1207730,,,KFZ738,,3,1,FB,,158.82000000,,,,,45.000,45.000,,,,,,,,1,,2,,,10/31/2012
FR,1207730,,,KFZ738,,4,1,FB,,154.40750000,,,,,45.000,45.000,,,,,,,,1,,1,,,10/31/2012
FR,1207730,,,KFZ738,,4,1,FB,,158.82000000,,,,,45.000,45.000,,,,,,,,1,,2,,,10/31/2012
FR,1897144,,,WPKH219,,5,1,FB,,153.56750000,,,,,45.000,45.000,,,,,,,,1,,1,,,01/07/2013
FR,1897144,,,WPKH219,,6,1,MO,,153.56750000,,,,,100.000,100.000,,,,,,,,80,,1,,,01/07/2013
FR,1915810,,,KIW419,,6,1,MO,,160.95000000,,,,,50.000,50.000,,,,,,,,50,,2,,,01/17/2013
FR,1915810,,,KIW419,,6,1,MO,,160.24500000,,,,,50.000,50.000,,,,,,,,50,,4,,,02/08/2017
FR,1915810,,,KIW419,,7,1,MO,,160.95000000,,,,,50.000,50.000,,,,,,,,50,,2,,,01/17/2013
FR,1915810,,,KIW419,,7,1,MO,,160.24500000,,,,,50.000,50.000,,,,,,,,50,,4,,,02/08/2017
FR,1915810,,,KIW419,,8,1,MO,,160.95000000,,,,,50.000,50.000,,,,,,,,50,,1,,,01/17/2013
FR,1915810,,,KIW419,,8,1,MO,,161.07000000,,,,,50.000,50.000,,,,,,,,50,,2,,,01/17/2013
FR,1915810,,,KIW419,,8,1,MO,,160.98000000,,,,,50.000,50.000,,,,,,,,50,,3,,,02/08/2017
FR,3376469,,,WQPG425,,7,1,FB8,,153.23000000,,,,,110.000,120.000,,,,,,,,1,,1,,,02/28/2013
FR,3376469,,,WQPG425,,7,1,FB2,,153.09500000,,,,,110.000,120.000,,,,,,,,1,,2,,,02/28/2013
FR,3376469,,,WQPG425,,7,1,FB2,,153.39500000,,,,,110.000,120.000,,,,,,,,1,,3,,,02/28/2013
FR,3376469,,,WQPG425,,8,1,MO8,,158.26500000,,,,,50.000,50.000,,,,,,,,1800,,1,,,02/28/2013
FR,3376469,,,WQPG425,,8,1,MO8,,157.48500000,,,,,50.000,50.000,,,,,,,,1800,,2,,,02/28/2013
FR,3376469,,,WQPG425,,8,1,MO,,158.16000000,,,,,50.000,50.000,,,,,,,,1800,,3,,,02/28/2013
FR,3376469,,,WQPG425,,8,1,MO,,158.32500000,,,,,50.000,50.000,,,,,,,,1800,,4,,,02/28/2013
FR,3376469,,,WQPG425,,9,1,FX1,,153.47000000,,,,,50.000,50.000,,,,,,,,1,,1,,,02/28/2013
FR,3376469,,,WQPG425,,9,1,FX1,,158.25000000,,,,,50.000,50.000,,,,,,,,1,,3,,,02/28/2013
FR,3376469,,,WQPG425,,9,1,FX1,,152.96750000,,,,,50.000,50.000,,,,,,,,1,,4,,,03/19/2014
FR,3376469,,,WQPG425,,10,1,FX1,,158.13000000,,,,,50.000,50.000,,,,,,,,1,,1,,,02/28/2013
FR,3376469,,,WQPG425,,10,1,FX1,,158.23500000,,,,,50.000,50.000,,,,,,,,1,,2,,,02/28/2013
FR,3376469,,,WQPG425,,10,1,FX1,,159.69000000,,,,,50.000,50.000,,,,,,,,1,,3,,,02/28/2013
FR,3376469,,,WQPG425,,11,1,FX1,,157.69500000,,,,,50.000,50.000,,,,,,,,1,,1,,,02/28/2013
FR,3376469,,,WQPG425,,11,1,FX1,,158.14500000,,,,,50.000,50.000,,,,,,,,1,,2,,,02/28/2013
FR,3352969,,,WQOW666,,5,1,FX1,,159.97500000,,,,,50.000,50.000,,,,,,,,1,,1,,,06/27/2013
FR,3352969,,,WQOW666,,5,1,FX1,,160.02000000,,,,,50.000,50.000,,,,,,,,1,,2,,,06/27/2013
FR,3352969,,,WQOW666,,5,1,FX1,,173.32500000,,,,,50.000,50.000,,,,,,,,1,,3,,,06/27/2013
FR,3352969,,,WQOW666,,6,1,FX1,,158.20500000,,,,,50.000,50.000,,,,,,,,1,,1,,,06/27/2013
FR,3352969,,,WQOW666,,6,1,FX1,,158.28000000,,,,,50.000,50.000,,,,,,,,1,,2,,,06/27/2013
FR,3352969,,,WQOW666,,6,1,FX1,,158.31000000,,,,,50.000,50.000,,,,,,,,1,,3,,,06/27/2013
FR,3352969,,,WQOW666,,6,1,FX1,,159.66000000,,,,,50.000,50.000,,,,,,,,1,,4,,,06/27/2013
FR,3524429,,,WQSL347,,1,1,FB,,160.78500000,,,,,5.000,10.000,,,,,,,,1,,1,,,10/24/2013
FR,3524429,,,WQSL347,,2,1,FB,,160.78500000,,,,,5.000,10.000,,,,,,,,1,,1,,,10/24/2013
FR,3524429,,,WQSL347,,3,1,FB,,160.78500000,,,,,5.000,10.000,,,,,,,,1,,1,,,10/24/2013
FR,3524429,,,WQSL347,,4,1,FB,,160.78500000,,,,,5.000,10.000,,,,,,,,1,,1,,,10/24/2013
FR,3524429,,,WQSL347,,5,1,FB,,160.78500000,,,,,5.000,10.000,,,,,,,,1,,1,,,10/24/2013
FR,3524429,,,WQSL347,,6,1,FB,,160.78500000,,,,,5.000,10.000,,,,,,,,1,,1,,,10/24/2013
FR,3524429,,,WQSL347,,7,1,MO,,160.78500000,,,,,30.000,30.000,,,,,,,,50,,1,,,10/24/2013
FR,3524429,,,WQSL347,,8,1,MO,,160.78500000,,,,,30.000,30.000,,,,,,,,50,,1,,,10/24/2013
FR,3524429,,,WQSL347,,9,1,MO,,160.78500000,,,,,30.000,30.000,,,,,,,,50,,1,,,10/24/2013
FR,3524429,,,WQSL347,,10,1,MO,,160.78500000,,,,,30.000,30.000,,,,,,,,50,,1,,,10/24/2013
FR,3524429,,,WQSL347,,11,1,MO,,160.78500000,,,,,30.000,30.000,,,,,,,,50,,1,,,10/24/2013
FR,3524429,,,WQSL347,,12,1,MO,,160.78500000,,,,,30.000,30.000,,,,,,,,50,,1,,,10/24/2013
FR,1916522,,,KNIC422,,4,1,FB,,160.23000000,,,,,10.000,10.000,,,,,,,,1,,1,,,11/13/2013
FR,1916522,,,KNIC422,,5,1,FB,,160.23000000,,,,,10.000,10.000,,,,,,,,1,,1,,,11/13/2013
FR,3697165,,,WQVS811,,1,1,FB2,,158.91750000,,,,,50.000,50.000,,,,,,,,1,,1,,,05/01/2015
FR,3762601,,,WQWW846,,1,1,FB,,160.78500000,,,,,5.000,10.000,,,,,,,,1,,1,,,12/11/2015
FR,3805057,,,WQXN615,,1,1,FB,,160.78500000,,,,,5.000,10.000,,,,,,,,1,,1,,,04/25/2016
FR,3805057,,,WQXN615,,2,1,FB,,160.78500000,,,,,5.000,10.000,,,,,,,,1,,1,,,04/25/2016
FR,1834768,,,KLG496,,1,2,FB,,160.99500000,,,,,35.000,70.000,,,,,,,,1,,1,,,12/08/2016
FR,1834768,,,KLG496,,1,2,FB,,161.00250000,,,,,35.000,70.000,,,,,,,,1,,2,,,12/08/2016
FR,1834768,,,KLG496,,1,2,FB,,161.01000000,,,,,35.000,70.000,,,,,,,,1,,3,,,12/08/2016
FR,1834768,,,KLG496,,7,1,MO,,160.78500000,,,,,35.000,35.000,,,,,,,,10,,1,,,12/08/2016
FR,1834768,,,KLG496,,8,1,MO,,160.78500000,,,,,35.000,35.000,,,,,,,,10,,1,,,12/08/2016
FR,1834768,,,KLG496,,9,1,MO,,160.78500000,,,,,35.000,35.000,,,,,,,,10,,1,,,12/08/2016
FR,1834768,,,KLG496,,10,1,MO,,160.78500000,,,,,35.000,35.000,,,,,,,,10,,1,,,12/08/2016
FR,1834768,,,KLG496,,11,1,MO,,160.78500000,,,,,35.000,35.000,,,,,,,,10,,1,,,12/08/2016
FR,1834768,,,KLG496,,12,1,MO,,160.78500000,,,,,35.000,35.000,,,,,,,,10,,1,,,12/08/2016
FR,1834768,,,KLG496,,3,2,FB,,160.54500000,,,,,35.000,80.000,,,,,,,,1,,1,,,01/27/2017
FR,1834768,,,KLG496,,3,2,FB,,160.87500000,,,,,35.000,70.000,,,,,,,,1,,2,,,01/27/2017
FR,1834768,,,KLG496,,3,2,FB,,160.96500000,,,,,35.000,70.000,,,,,,,,1,,3,,,01/27/2017
FR,1916055,,,KLM673,,1,3,FB,,160.98000000,,,,,50.000,150.000,,,,,,,,1,,1,,,02/06/2017
FR,1916055,,,KLM673,,1,3,FB,,160.62000000,,,,,50.000,150.000,,,,,,,,1,,2,,,02/06/2017
FR,1915810,,,KIW419,,4,3,FB,,160.24500000,,,,,25.000,45.000,,,,,,,,1,,1,,,02/08/2017
FR,1915810,,,KIW419,,4,3,FB,,160.95000000,,,,,25.000,45.000,,,,,,,,1,,2,,,02/08/2017
FR,1916684,,,KNNN858,,1,3,FB,,160.99500000,,,,,35.000,70.000,,,,,,,,1,,1,,,03/13/2017
FR,1916684,,,KNNN858,,1,3,FB,,161.00250000,,,,,35.000,70.000,,,,,,,,1,,2,,,03/13/2017
FR,1916684,,,KNNN858,,1,3,FB,,161.01000000,,,,,35.000,70.000,,,,,,,,1,,3,,,03/13/2017
FR,1916684,,,KNNN858,,5,1,MO,,160.78500000,,,,,35.000,35.000,,,,,,,,10,,1,,,03/13/2017
FR,1773746,,,KIU682,,6,1,MO,,160.78500000,,,,,35.000,35.000,,,,,,,,10,,1,,,08/24/2017
FR,1773746,,,KIU682,,7,1,MO,,160.78500000,,,,,35.000,35.000,,,,,,,,10,,1,,,08/24/2017
FR,1773746,,,KIU682,,8,1,MO,,160.78500000,,,,,35.000,35.000,,,,,,,,10,,1,,,08/24/2017
FR,1773746,,,KIU682,,9,1,MO,,160.78500000,,,,,35.000,35.000,,,,,,,,10,,1,,,08/24/2017
FR,1773746,,,KIU682,,10,1,MO,,160.78500000,,,,,35.000,35.000,,,,,,,,10,,1,,,08/24/2017
FR,3959030,,,WRAA608,,1,1,FB,,161.47500000,,,,,8.000,6.500,,,,,,,,1,,1,,,09/25/2017
FR,3959030,,,WRAA608,,2,1,FB,,161.47500000,,,,,8.000,6.500,,,,,,,,1,,1,,,09/25/2017
FR,3959030,,,WRAA608,,3,1,FB,,161.47500000,,,,,8.000,6.500,,,,,,,,1,,1,,,09/25/2017
FR,3959030,,,WRAA608,,4,1,FB,,161.47500000,,,,,8.000,6.500,,,,,,,,1,,1,,,09/25/2017
FR,3959030,,,WRAA608,,5,1,MO,,161.47500000,,,,,50.000,50.000,,,,,,,,40,,1,,,09/25/2017
FR,3959030,,,WRAA608,,6,1,MO,,161.47500000,,,,,50.000,50.000,,,,,,,,40,,1,,,09/25/2017
FR,3959030,,,WRAA608,,7,1,MO,,161.47500000,,,,,50.000,50.000,,,,,,,,40,,1,,,09/25/2017
FR,3959030,,,WRAA608,,8,1,MO,,161.47500000,,,,,50.000,50.000,,,,,,,,40,,1,,,09/25/2017
FR,3805057,,,WQXN615,,3,1,FB,,160.78500000,,,,,5.000,10.000,,,,,,,,1,,1,,,11/02/2017
FR,3805057,,,WQXN615,,4,1,FB,,160.78500000,,,,,5.000,10.000,,,,,,,,1,,1,,,11/02/2017
FR,3805057,,,WQXN615,,5,1,FB,,160.78500000,,,,,5.000,10.000,,,,,,,,1,,1,,,11/02/2017
FR,3805057,,,WQXN615,,6,1,FB,,160.78500000,,,,,5.000,10.000,,,,,,,,1,,1,,,11/02/2017
FR,3762601,,,WQWW846,,2,1,FB,,160.78500000,,,,,5.000,10.000,,,,,,,,1,,1,,,01/23/2018
FR,3762601,,,WQWW846,,3,1,FB,,160.78500000,,,,,5.000,10.000,,,,,,,,1,,1,,,01/23/2018
FR,3762601,,,WQWW846,,4,1,FB,,160.78500000,,,,,5.000,10.000,,,,,,,,1,,1,,,01/23/2018
FR,3762601,,,WQWW846,,5,1,FB,,160.78500000,,,,,5.000,10.000,,,,,,,,1,,1,,,06/11/2019
FR,4469469,,,WRNC349,,1,1,FA,HL,131.72500000,,,,,25.000,,,,,,,,,,,1,,,07/13/2021
FR,4469469,,,WRNC349,,1,1,FA,HL,136.97500000,,,,,25.000,,,,,,,,,,,2,,,07/13/2021
FR,4469469,,,WRNC349,,1,1,FA,HL,136.80000000,,,,,25.000,,,,,,,,,,,3,,,12/10/2021
